,年龄,身高(cm),体重(kg),腰围(cm),臀围(cm),体温(℃),脉搏(次/分),呼吸(次/分),收缩压,舒张压,总热卡(千卡),门诊测血糖（次/周),自我监测血糖(次/周),空腹血糖(mmol/l),餐后血糖(mmol/l),糖化血红蛋白(%),空腹血糖(mmol/L),餐后2H血糖(mmol/L),糖化血红蛋白(%).1,空腹胰岛素(pmol/l),空腹C肽(nmol/l),餐后2H胰岛素(pmol/l),餐后2H C肽空腹C肽(nmol/l),TC（总胆固醇）,TG（甘油三酯）,LDL--C（低密度脂蛋白）,HDL--C（高密度脂蛋白）,24H尿蛋白定量(mg/24h),尿白蛋白(mg/L),BUN尿素氮(mmol/L),CREA肌酐(umol/L),WBC(×109/L),中性粒胞(%),RBC( 1012/L),家族史,高血压,脑血管病变,心血管病变,视网膜病变,糖尿病肾病,周围神经病变,糖尿病足,皮肤感染,糖尿病酮症（或酸中毒）,定时定量,食物选择合理,食物搭配合理,甜食,外出就餐,其他,每周运动次数,每次运动时间,是否使用口服降糖药,是否使用胰岛素,是否使用降压药,是否使用调脂药,胃纳,活动情况,心电图,心脏B超,眼底检查情况,肾ECT,神经肌电图,血管病变（多普勒）,奇形,干裂,灰趾甲,自觉足部症状,足背动脉搏动,每天足部检查 ,每天足部清洁,足部神经感觉阈值结果,ABI检查结果,抽烟,喝酒,程度分级,血糖记录(是/否)
年龄,0.0,0.0,0.021807004,0.02344492,0.018385183,0.027908958,0.0,0.0,0.023973543,0.025501799,0.023177892,0.0,0.04551001,0.0,0.0,0.0,0.0,0.0,0.03656225,0.0,0.0,0.032730468,0.021710506,0.024285305,0.024326144,0.0,0.0,0.0,0.021723334,0.0,0.048312407,0.0,0.0,0.0,0.028903244,0.0,0.026429294,0.032181844,0.030266272,0.0,0.0,0.0,0.029933633,0.022776604,0.0,0.0,0.0,0.0,0.02078499,0.021383248,0.0,0.034611866,0.026940791,0.0,0.03348525,0.0,0.0,0.029762635,0.03795164,0.022982571,0.0,0.0,0.0,0.04107561,0.0,0.018889047,0.016479386,0.027009817,0.030751597,0.0,0.0,0.025301306,0.0,0.0,0.0,0.026162889,0.0
身高(cm),0.025899373,0.0,0.020078836,0.0,0.030374188,0.024105145,0.031234559,0.0,0.0,0.0,0.024448253,0.026041465,0.0,0.0,0.02695881,0.0,0.028321426,0.0,0.02756712,0.0,0.030394215,0.024358716,0.02948703,0.027035752,0.025206354,0.0,0.0,0.0,0.03162785,0.0,0.0,0.0,0.0,0.035639558,0.016447784,0.0,0.022309843,0.024672436,0.0,0.0,0.0,0.0,0.0,0.0,0.025325568,0.0,0.0,0.0,0.029013,0.0,0.0,0.03291664,0.0,0.02442246,0.027031887,0.023443053,0.0,0.025874296,0.0,0.022395879,0.0,0.028716655,0.025775798,0.029895704,0.029264025,0.023093998,0.0,0.020222064,0.022288809,0.0,0.03059381,0.0,0.0,0.0,0.0,0.028142074,0.020419478
体重(kg),0.02436311,0.0,0.0,0.021501483,0.0,0.0,0.03222666,0.0,0.026895834,0.0,0.03921533,0.0,0.0,0.0,0.033573728,0.0,0.0,0.03465769,0.025142191,0.0,0.0,0.0,0.0,0.0,0.018630642,0.0,0.0,0.04324921,0.0,0.0,0.031746842,0.02145018,0.0,0.024352632,0.0,0.028828166,0.0,0.0,0.0,0.028575776,0.0,0.0,0.031349055,0.0,0.022991423,0.027809974,0.022960126,0.0,0.02600845,0.035007156,0.0,0.0,0.0,0.030945588,0.023071676,0.0,0.024651961,0.03112384,0.0,0.031559125,0.029093392,0.025359727,0.027494999,0.030593673,0.036430284,0.0,0.04218287,0.0,0.0,0.0,0.022856582,0.0,0.0,0.0,0.0,0.0,0.03452806
腰围(cm),0.0,0.0,0.020901712,0.0,0.022959778,0.0,0.020346193,0.021725817,0.0,0.0,0.0,0.026073473,0.0,0.0,0.021686694,0.021925567,0.027737815,0.02692053,0.0,0.02504026,0.0,0.0,0.0,0.0,0.029593643,0.028959563,0.0,0.023923133,0.0,0.017242372,0.0,0.018897036,0.023649292,0.019488018,0.026430348,0.02058114,0.0,0.020233493,0.021569736,0.024622701,0.0,0.0,0.0,0.0,0.023096658,0.02278929,0.018266853,0.025214864,0.0,0.022868928,0.019953826,0.0,0.016263152,0.0,0.019204957,0.018603249,0.0,0.0,0.0,0.0,0.023973167,0.0,0.02046572,0.02431948,0.021113737,0.0,0.023171077,0.024905067,0.0,0.0,0.026504682,0.023226636,0.023626307,0.031108819,0.036437854,0.0,0.02156206
臀围(cm),0.017857414,0.0,0.022311617,0.0,0.0,0.026732016,0.019840641,0.022724055,0.0,0.0,0.0,0.025289504,0.009182396,0.0,0.017714268,0.0,0.0,0.022758365,0.0,0.0,0.0,0.017101776,0.0,0.0,0.027778793,0.019846268,0.027255405,0.023167916,0.0,0.029586522,0.0,0.024201958,0.01651912,0.018910896,0.01941248,0.019566279,0.0,0.0,0.025555024,0.0,0.020262467,0.0,0.0,0.0,0.024177443,0.024333067,0.028502008,0.0,0.03872771,0.026894016,0.0,0.0,0.032173797,0.018124778,0.018265076,0.0,0.0,0.020855067,0.0,0.022459082,0.02894054,0.0,0.03632103,0.025705924,0.033963416,0.0,0.036792777,0.015449689,0.0,0.028281702,0.0,0.018677223,0.023054983,0.021457432,0.0,0.0,0.023230897
体温(℃),0.028343253,0.0,0.03282711,0.0,0.0,0.0,0.0,0.0,0.024206253,0.023919366,0.0,0.0,0.0,0.035876945,0.0,0.05274991,0.0,0.0,0.02487895,0.0,0.0,0.030145338,0.0,0.027192265,0.034080554,0.0,0.03642639,0.0,0.034714524,0.03394943,0.029433649,0.0,0.0,0.0,0.041252688,0.042272124,0.027554613,0.0,0.044863887,0.0,0.019618575,0.03446094,0.0,0.029382199,0.0,0.0,0.0,0.031158002,0.0,0.04095387,0.024487372,0.0,0.037062373,0.0,0.0,0.0,0.0,0.0,0.025720062,0.0,0.023580465,0.0,0.0,0.027175639,0.0,0.025904514,0.0,0.027746696,0.0,0.0,0.0,0.023834,0.030125953,0.0,0.0,0.0,0.0
脉搏(次/分),0.0,0.043947127,0.0,0.0,0.028011916,0.0,0.0,0.0,0.0,0.0,0.0,0.0,0.0,0.036844872,0.0,0.0,0.0,0.034784857,0.0,0.034844227,0.038124114,0.0,0.0,0.0,0.0,0.03781621,0.0,0.04804051,0.0,0.0,0.0,0.041883364,0.0,0.044845924,0.0,0.043573096,0.0,0.0,0.0,0.036863253,0.0,0.0,0.0,0.0,0.03095857,0.039002545,0.0,0.0,0.0,0.037620645,0.0,0.036820646,0.0,0.029073136,0.031833645,0.0,0.03955289,0.0,0.0,0.0,0.0,0.04107901,0.023143448,0.0,0.042982426,0.0,0.0,0.0,0.0,0.033759058,0.024727166,0.0,0.024802374,0.02353586,0.0,0.03597683,0.038466774
呼吸(次/分),0.023640634,0.025599204,0.0,0.0,0.026060846,0.0,0.025148414,0.0,0.023580573,0.030031163,0.024994908,0.017863456,0.0,0.02379501,0.0,0.0336062,0.03888993,0.0,0.024438718,0.03030042,0.02044395,0.034447405,0.030275565,0.026071314,0.030283304,0.022637354,0.0,0.0,0.02236391,0.0,0.03523395,0.0,0.0,0.02172345,0.02150229,0.0325369,0.0,0.032152295,0.0,0.03197565,0.024059225,0.021427028,0.027562557,0.0,0.0,0.0,0.0,0.0,0.0,0.0,0.0,0.036908593,0.0,0.0,0.0,0.0,0.0,0.0,0.024304006,0.029309718,0.0,0.0,0.0,0.0,0.0,0.026651127,0.0,0.022678662,0.0,0.0,0.0,0.030630875,0.0,0.0,0.029262653,0.013734499,0.0
收缩压,0.0,0.027524192,0.0,0.027904872,0.022168528,0.0,0.0,0.0,0.0,0.03014135,0.0,0.0,0.036761615,0.03404361,0.0,0.023910305,0.03163862,0.0,0.024361523,0.026840232,0.026246747,0.0,0.0,0.028478693,0.028374892,0.028304683,0.0,0.02199809,0.03172183,0.0,0.0,0.0,0.0,0.02149266,0.025251567,0.032343857,0.02755988,0.03924972,0.0,0.018610047,0.030251741,0.0,0.0,0.032498695,0.0,0.0,0.0,0.0,0.0,0.0,0.0,0.027952297,0.0,0.0,0.0,0.02505051,0.026739065,0.0,0.03224435,0.0,0.0,0.0,0.0,0.0,0.0,0.037301235,0.0,0.030456426,0.0,0.0,0.025758909,0.0,0.024902016,0.029498361,0.02798505,0.027976913,0.0
舒张压,0.0,0.026633548,0.03032491,0.030497812,0.032898143,0.0,0.0,0.0,0.0,0.0,0.0,0.0,0.0,0.026046336,0.0,0.0,0.0,0.036831055,0.0,0.038304616,0.024825646,0.0,0.0,0.0,0.027382813,0.0224557,0.0,0.030787619,0.0,0.0,0.0,0.023555297,0.0,0.04319618,0.0,0.026821712,0.022325043,0.0,0.0,0.024662377,0.0,0.0,0.0,0.0,0.041591182,0.022308217,0.024137523,0.0,0.018655377,0.030826757,0.024347574,0.0,0.0,0.020117838,0.029550204,0.0,0.0,0.0,0.029993596,0.0,0.0,0.020526703,0.03402913,0.025835518,0.0,0.031149063,0.04001804,0.0,0.023472713,0.0,0.025003063,0.0,0.023805525,0.030498343,0.0,0.03229068,0.0
总热卡(千卡),0.019688202,0.021549283,0.030365335,0.0,0.020341672,0.019646646,0.020490913,0.023009928,0.0,0.0,0.0,0.027665444,0.014890336,0.0,0.019199636,0.0,0.02435148,0.0,0.018530546,0.0,0.0,0.030999482,0.018602101,0.026635714,0.0,0.0,0.022605833,0.0,0.02579834,0.019165505,0.020217866,0.022549612,0.021543456,0.0,0.0,0.023937436,0.014456286,0.02689553,0.0,0.0,0.021516183,0.015802208,0.019187707,0.0,0.0,0.024959117,0.019971775,0.03368858,0.0,0.028264748,0.026585093,0.0,0.021402696,0.0,0.0,0.0,0.0,0.022871686,0.0,0.026146073,0.02602415,0.0,0.0,0.022606287,0.0,0.0,0.028610362,0.022009669,0.019937843,0.029410962,0.0,0.030407635,0.0,0.0,0.019384112,0.0,0.0
门诊测血糖（次/周),0.0,0.023657758,0.0257255,0.0,0.026675314,0.021982899,0.0,0.016326332,0.0,0.0,0.029782543,0.0,0.019616462,0.0,0.0,0.0,0.022348695,0.0,0.02305183,0.0,0.0,0.019986285,0.019964192,0.0,0.022340616,0.0,0.04409023,0.0,0.02922723,0.0,0.025493918,0.018625272,0.0,0.0,0.0,0.023409251,0.0,0.015295485,0.018052045,0.036464605,0.0,0.027473798,0.023537816,0.0,0.019601485,0.022068668,0.0,0.0,0.025958598,0.020096116,0.0,0.0,0.0,0.0,0.026978072,0.0,0.0,0.026098562,0.02847489,0.026605248,0.0,0.0,0.026397167,0.033837244,0.0,0.018272214,0.023788542,0.02668802,0.029616443,0.0,0.0,0.028294183,0.0,0.0,0.02789212,0.031929813,0.0
自我监测血糖(次/周),0.0,0.0,0.0,0.0,0.009932936,0.022126365,0.0,0.023124773,0.0,0.0,0.0,0.017913368,0.0,0.017756004,0.0,0.022723245,0.02575153,0.0,0.023475047,0.03055486,0.0,0.028912889,0.015030802,0.018445436,0.0,0.01856684,0.028925488,0.0,0.033886462,0.019277357,0.044048388,0.032954305,0.016548917,0.0,0.023405215,0.045589987,0.026019104,0.0,0.017941548,0.021025605,0.018497877,0.022773208,0.0,0.0,0.0,0.0,0.0,0.027502475,0.0,0.02182011,0.018205183,0.029471168,0.0,0.022009013,0.0,0.0,0.0,0.0,0.034506213,0.0,0.028160175,0.0,0.0,0.024380455,0.0,0.020002004,0.0,0.0,0.0,0.0260848,0.0,0.033482842,0.025158413,0.015473107,0.051498327,0.0,0.0
空腹血糖(mmol/l),0.0,0.0,0.026964305,0.016575966,0.0,0.02447382,0.020049246,0.017954562,0.018686382,0.017957868,0.026718257,0.023945885,0.014254837,0.0,0.017014004,0.03324276,0.0,0.0137492735,0.016093697,0.0,0.0,0.026764415,0.0,0.0,0.0,0.019678699,0.018097276,0.02943543,0.0,0.0215592,0.0,0.02177405,0.01599544,0.0,0.043386918,0.020311326,0.0,0.027453749,0.016876299,0.0,0.0,0.020077368,0.025380952,0.0,0.020081965,0.0,0.02541035,0.028114758,0.0,0.024314243,0.0,0.0,0.01697097,0.0,0.018188862,0.0,0.0,0.018572805,0.0,0.030913023,0.016576089,0.0,0.016561754,0.0,0.02531317,0.0,0.03778618,0.025851298,0.0,0.03395598,0.016922027,0.018261623,0.0123610515,0.0,0.0,0.0,0.015957057
餐后血糖(mmol/l),0.033073917,0.027206115,0.0,0.0,0.020136137,0.0,0.036051698,0.024029713,0.031551976,0.0,0.0,0.021904863,0.0,0.0,0.0,0.0,0.018873235,0.035762943,0.0,0.025374891,0.025573066,0.0,0.026070822,0.02606916,0.0,0.0,0.0,0.03577079,0.026470145,0.034883734,0.02577879,0.026096798,0.054139838,0.019591842,0.0,0.0,0.03454371,0.0,0.027757278,0.0,0.025558839,0.0,0.0,0.01952659,0.0,0.0,0.029245146,0.022364715,0.0,0.0,0.0,0.034064177,0.0,0.024008377,0.0,0.018189043,0.030277709,0.027980762,0.0,0.0,0.0,0.029313885,0.0,0.0,0.02001872,0.0,0.0,0.0,0.0,0.02782863,0.0,0.0,0.021148246,0.0,0.0,0.0,0.029382842
糖化血红蛋白(%),0.0,0.0,0.033452407,0.020915229,0.0,0.0,0.0,0.0,0.0,0.024408953,0.035295565,0.0,0.02176535,0.0,0.0,0.0,0.0,0.020056766,0.021302246,0.026927905,0.0,0.0,0.0,0.0,0.022467671,0.029232599,0.021439077,0.041552313,0.0,0.033755206,0.0,0.0,0.0,0.033691254,0.05586898,0.029869858,0.0,0.028999535,0.027235972,0.0,0.0,0.0,0.0,0.03729866,0.017491328,0.0,0.0,0.0,0.0,0.03335322,0.0,0.0,0.029531546,0.0,0.022441693,0.0,0.0,0.0,0.022786845,0.04060165,0.0,0.0,0.031160532,0.0,0.0,0.019301903,0.0,0.025921555,0.03104507,0.04257637,0.025150597,0.0,0.02022083,0.023523536,0.01905842,0.0,0.02549495
空腹血糖(mmol/L),0.028173508,0.02813289,0.0,0.026897848,0.022629691,0.0,0.0,0.036075715,0.030322673,0.02109465,0.031856563,0.0,0.0,0.0,0.021012176,0.0,0.0,0.021474212,0.0,0.026885808,0.025507744,0.0,0.02708496,0.025762975,0.041817565,0.0,0.0,0.024603913,0.025788506,0.020117182,0.032320037,0.037985496,0.0,0.0,0.0,0.0,0.024834732,0.027007204,0.028070739,0.0,0.0,0.0,0.031055858,0.040581625,0.0,0.0,0.020882228,0.0,0.0,0.0,0.0,0.037984006,0.026934396,0.0,0.0,0.0,0.02173708,0.0,0.0249339,0.0,0.0,0.034152154,0.0,0.0,0.0,0.031498734,0.0,0.0,0.02672147,0.043615587,0.0,0.0,0.0,0.0,0.0,0.016756717,0.0
餐后2H血糖(mmol/L),0.0,0.0,0.0,0.035866164,0.0,0.0,0.029996417,0.0,0.03239871,0.044827733,0.03166489,0.0,0.0,0.023284791,0.0,0.030006919,0.0,0.0,0.04925316,0.0,0.0,0.0,0.0,0.04255112,0.023928922,0.02794293,0.0,0.0,0.0,0.028520374,0.0,0.0,0.0,0.03364294,0.021751063,0.034297932,0.0,0.0,0.0,0.027091626,0.025588907,0.0,0.0,0.0,0.0,0.023040656,0.0,0.0,0.0,0.02894459,0.037419684,0.0,0.0,0.0,0.037238125,0.0,0.0,0.0,0.029935302,0.034295864,0.040891197,0.0,0.03700021,0.0,0.0,0.026877336,0.0,0.031611297,0.0,0.0,0.045185033,0.03304922,0.0,0.034268573,0.0,0.037640665,0.0
糖化血红蛋白(%).1,0.0,0.0,0.023141028,0.0,0.0,0.023281615,0.0,0.022143621,0.019749096,0.0,0.018520242,0.0,0.0,0.019726506,0.027750967,0.0210507,0.025659453,0.039009914,0.0,0.0,0.0,0.016204156,0.0,0.02143517,0.024587216,0.0,0.0,0.0,0.017357726,0.03236694,0.022804093,0.0,0.0,0.0,0.0,0.027510693,0.0,0.0,0.017493764,0.031238845,0.0,0.023461869,0.0,0.0,0.0,0.026200175,0.03749917,0.0,0.033121426,0.017350214,0.032480344,0.0,0.0,0.037736557,0.027372517,0.0,0.0,0.0,0.022458555,0.0,0.025238784,0.056165837,0.0,0.021718757,0.0,0.016212193,0.016900571,0.0,0.02802891,0.0,0.0,0.023230912,0.0,0.0,0.024098085,0.02083485,0.042805057
空腹胰岛素(pmol/l),0.0,0.020135751,0.0,0.02396359,0.020453397,0.0,0.0,0.023755481,0.0,0.031836282,0.026153151,0.0,0.0,0.024588177,0.023269985,0.024662511,0.02254146,0.026494512,0.0,0.0,0.023882566,0.0,0.0,0.023015909,0.020620607,0.01985677,0.0,0.03178188,0.0,0.016095737,0.0,0.021892369,0.024444344,0.033193253,0.0,0.023354806,0.020453293,0.02142052,0.0,0.0,0.0,0.0,0.0,0.029905949,0.02692298,0.021069663,0.01738214,0.0,0.0,0.0,0.024888722,0.0,0.0,0.027736412,0.02260249,0.029674133,0.025286615,0.0,0.0,0.0,0.0,0.021212641,0.025253993,0.0,0.022953508,0.0,0.0,0.0,0.023837265,0.019836208,0.03432349,0.0,0.0,0.026806334,0.024267478,0.0,0.026384901
空腹C肽(nmol/l),0.0,0.026680121,0.0,0.0,0.020143999,0.020130336,0.0,0.020448746,0.0,0.0,0.0,0.032632694,0.0,0.032394595,0.0,0.0,0.023946924,0.022834437,0.0,0.030771283,0.0,0.0,0.03020724,0.024947878,0.0,0.0,0.0,0.0,0.0236307,0.0,0.01818048,0.019976411,0.022222526,0.0,0.0,0.021951083,0.014428899,0.0,0.0,0.022378337,0.030329613,0.0226866,0.0,0.028210657,0.0,0.02224095,0.022173487,0.028324448,0.0,0.0,0.03100178,0.026912268,0.0,0.02434045,0.0,0.028712498,0.02333947,0.0,0.018690212,0.0,0.02752104,0.018162074,0.0,0.025741268,0.02629613,0.0,0.02490098,0.0,0.023336759,0.022999505,0.0,0.0,0.015243804,0.018100059,0.022406045,0.03746023,0.0
餐后2H胰岛素(pmol/l),0.0,0.0,0.023679886,0.0,0.0,0.02353449,0.026043804,0.028680054,0.0,0.0,0.0,0.020740816,0.02743822,0.0,0.027145505,0.0,0.0,0.014908051,0.014704432,0.0,0.0,0.0,0.0,0.0,0.028705435,0.0,0.023234837,0.035675533,0.0,0.02487453,0.0,0.023199754,0.0,0.0,0.034469996,0.031074572,0.0,0.0,0.03575734,0.0,0.0,0.0,0.0,0.0,0.018550497,0.021609893,0.0,0.033059176,0.012676979,0.031596564,0.017775286,0.0,0.020649878,0.02108066,0.027510522,0.025494937,0.030594336,0.02186965,0.0,0.0,0.020795058,0.0,0.023536196,0.031963963,0.0,0.0,0.023677796,0.02769828,0.02426499,0.037750456,0.023730002,0.0,0.017777806,0.028012943,0.0,0.0,0.014173573
餐后2H C肽空腹C肽(nmol/l),0.01914828,0.02706647,0.030798893,0.021220645,0.0,0.02418845,0.02767214,0.0,0.0,0.021918075,0.023754116,0.0,0.015147198,0.0,0.024837904,0.0,0.0,0.018447408,0.0,0.0,0.0,0.023789324,0.0,0.0,0.0,0.0,0.014560474,0.0,0.0,0.026907083,0.0,0.01871467,0.024720568,0.0,0.0,0.0,0.0,0.020465119,0.020398023,0.0,0.03231511,0.0,0.018491017,0.0,0.015010541,0.020227643,0.018694628,0.0,0.020882217,0.027666183,0.023609675,0.0,0.030564716,0.0,0.021259816,0.019393673,0.0,0.023776038,0.0,0.03027891,0.021443304,0.027238827,0.021208195,0.02417569,0.0,0.0,0.029574867,0.028010974,0.02519821,0.017319588,0.02625371,0.0,0.025000622,0.028633347,0.0,0.0,0.016414551
TC（总胆固醇）,0.01979762,0.022569476,0.025192942,0.0,0.0,0.0,0.017370092,0.0,0.021969277,0.02182223,0.030394096,0.0,0.018695418,0.0,0.024065368,0.0,0.0,0.025731184,0.019689977,0.022125008,0.0,0.026686229,0.0,0.0,0.028533114,0.02631741,0.0,0.020096324,0.0,0.021547588,0.0,0.021194832,0.02575064,0.01769041,0.020308025,0.025736295,0.0,0.03144326,0.021683129,0.023697138,0.0,0.0,0.0,0.0,0.01534067,0.021357177,0.019012216,0.0,0.0,0.020337027,0.0,0.024845453,0.020752221,0.0,0.02445514,0.0,0.0,0.018165221,0.0,0.02719174,0.0,0.017187301,0.022984676,0.03082186,0.016511593,0.01991874,0.023557581,0.0,0.017954882,0.02288307,0.016553033,0.026001673,0.0,0.0,0.0,0.0,0.019288847
TG（甘油三酯）,0.0,0.0,0.024651404,0.03677169,0.0,0.0,0.0,0.0,0.031727906,0.028732687,0.030803194,0.0,0.0,0.0,0.0,0.02916596,0.049960975,0.021574708,0.0,0.0,0.0,0.0,0.0,0.0,0.0,0.0,0.0,0.024580866,0.0,0.0,0.03702227,0.028825602,0.0,0.021995187,0.0,0.023982914,0.0,0.042855266,0.029297905,0.02865716,0.0,0.0,0.031752273,0.0,0.019014977,0.031650484,0.0,0.0,0.03418596,0.02561283,0.0,0.0,0.0,0.0,0.036118545,0.0,0.025780039,0.0,0.041783515,0.035333864,0.0,0.0,0.028282193,0.029789468,0.0,0.028674789,0.032506406,0.0,0.0,0.0,0.026069943,0.031585153,0.0,0.0,0.0,0.023644945,0.022996752
LDL--C（低密度脂蛋白）,0.02423464,0.0,0.0,0.0,0.0,0.0,0.0,0.019036034,0.019546617,0.0,0.02723319,0.0,0.0,0.0,0.0179466,0.028504891,0.026223551,0.018273065,0.0,0.017796036,0.02608658,0.032849725,0.018220041,0.023235006,0.02977543,0.0,0.0,0.0,0.023406764,0.020825343,0.025028156,0.0,0.023833074,0.0,0.0,0.0,0.0,0.01787534,0.04223075,0.024220338,0.0,0.03270989,0.027461324,0.020374835,0.0,0.021323333,0.017849814,0.02736512,0.0,0.0,0.022276191,0.0,0.013931891,0.0,0.0,0.0,0.016822409,0.0,0.026327796,0.0,0.01663564,0.017227028,0.0,0.025437478,0.030218383,0.029920153,0.021384118,0.0,0.02298718,0.0,0.021656858,0.021118542,0.0,0.0,0.028261963,0.021057487,0.015375644
HDL--C（高密度脂蛋白）,0.0,0.023823839,0.0,0.0285328,0.0,0.0,0.0,0.0,0.0,0.03782263,0.029531857,0.0,0.030075103,0.026655108,0.020810269,0.0,0.0,0.033890106,0.0,0.0,0.020174274,0.0,0.0,0.0,0.0,0.024206068,0.0,0.03594529,0.0,0.027810045,0.0,0.0,0.024008552,0.0,0.0,0.0,0.02731624,0.022680517,0.0,0.0,0.0,0.0,0.021015177,0.016697526,0.042800747,0.0,0.028517576,0.0,0.033077095,0.0,0.02039923,0.0,0.025636435,0.0,0.033869375,0.03513619,0.022132456,0.0,0.0,0.0,0.0,0.03923467,0.03204135,0.0,0.0,0.0,0.032971803,0.021630052,0.035038374,0.026203165,0.014042626,0.0,0.01810711,0.02467948,0.02575425,0.0,0.0445654
24H尿蛋白定量(mg/24h),0.0,0.0377345,0.0,0.025831183,0.0,0.0,0.0,0.0,0.0,0.03204937,0.04861274,0.0,0.02654726,0.04085276,0.0,0.04823762,0.0,0.0,0.018990165,0.040329948,0.037066467,0.0,0.0,0.023444552,0.022068106,0.035437945,0.0,0.0,0.04064353,0.0,0.0,0.0,0.0,0.037539084,0.04285117,0.0,0.026758552,0.0,0.0,0.0,0.03867815,0.0286706,0.0,0.02861573,0.0,0.0,0.0,0.0,0.0,0.0,0.023339419,0.03757689,0.0,0.0,0.0,0.0,0.02989874,0.0,0.028252501,0.0,0.0,0.0,0.0,0.0,0.0,0.03869059,0.0,0.033192642,0.035846777,0.0,0.0,0.0,0.016577799,0.025253816,0.027048366,0.026502095,0.0
尿白蛋白(mg/L),0.020505164,0.02923602,0.027400918,0.020861378,0.0,0.0,0.0,0.0,0.0,0.020927064,0.028512726,0.0,0.036535647,0.0,0.0,0.0,0.0,0.0,0.0,0.0,0.02594591,0.027427873,0.0,0.0,0.024065822,0.0,0.026685176,0.0,0.0,0.0,0.029615177,0.0,0.0,0.0,0.032088246,0.031571552,0.02315646,0.038189624,0.022029687,0.0,0.0,0.0,0.028665712,0.0,0.03237519,0.035412177,0.0,0.0,0.021010209,0.021371795,0.0,0.0,0.02326729,0.0,0.023618044,0.019605936,0.042133644,0.016278772,0.028518187,0.01866732,0.0,0.02071719,0.032683793,0.03175477,0.0,0.016297653,0.020745048,0.02440824,0.03941334,0.0,0.017237667,0.0,0.0,0.0,0.0,0.023621716,0.0
BUN尿素氮(mmol/L),0.0,0.0,0.033413175,0.0,0.037188448,0.02863131,0.036732487,0.038378388,0.0,0.022865416,0.0,0.01663094,0.021578094,0.0,0.0,0.0,0.0,0.0,0.0,0.0,0.0,0.0,0.0,0.0,0.023810841,0.025439829,0.0,0.038246833,0.0,0.0,0.0,0.019852977,0.0,0.026243968,0.033232108,0.029308809,0.0,0.040724304,0.038101867,0.038194824,0.0,0.0,0.0,0.0,0.022294797,0.028967591,0.0,0.0,0.028579047,0.024119101,0.029326469,0.0,0.0,0.0,0.03459162,0.021580694,0.0,0.025983837,0.0,0.022602366,0.0,0.0,0.021449072,0.039360065,0.0,0.0,0.023211788,0.022049762,0.0,0.0,0.0,0.022558395,0.020787228,0.019668568,0.0,0.033433124,0.0
CREA肌酐(umol/L),0.03544988,0.0,0.022890018,0.0,0.0,0.021563333,0.01958523,0.026925772,0.0,0.0,0.0,0.019928746,0.0,0.017717522,0.019406397,0.019227723,0.022307884,0.019338084,0.01991823,0.0,0.014890238,0.02676477,0.017474022,0.025733484,0.022733936,0.0,0.03487185,0.0,0.0231935,0.018583048,0.0,0.0,0.021832902,0.0,0.023315283,0.039141733,0.019331474,0.025709901,0.027647804,0.0,0.023589632,0.014570286,0.0,0.0234643,0.0,0.023597429,0.0,0.023378206,0.0,0.0,0.014413373,0.0,0.017959144,0.0,0.0,0.021772958,0.0,0.016479868,0.0306429,0.0,0.017557194,0.0,0.0,0.023466386,0.00827253,0.021957176,0.0,0.0,0.0,0.025524488,0.0,0.015991338,0.020525753,0.0,0.032177493,0.0,0.023558378
WBC(×109/L),0.027299654,0.04301886,0.02655104,0.0,0.031416573,0.029969556,0.03948546,0.0,0.0,0.023239603,0.0,0.02560445,0.04314019,0.0,0.0,0.0,0.0,0.0,0.0,0.0,0.0,0.032850537,0.02588438,0.030239258,0.0,0.030233951,0.03228044,0.0,0.044663813,0.0,0.025558708,0.0,0.0,0.0,0.0,0.026148442,0.03855183,0.0,0.042400952,0.0,0.03177816,0.03475299,0.03597538,0.0,0.0,0.0,0.0,0.0,0.0,0.0365727,0.036576755,0.0,0.041767232,0.0,0.0,0.0,0.0,0.0,0.0,0.0,0.03611467,0.0,0.0,0.029334191,0.0,0.046481967,0.0,0.027098862,0.0,0.0,0.0,0.032062795,0.0,0.0,0.0,0.0,0.0
中性粒胞(%),0.0431155,0.0,0.028265558,0.0,0.019198235,0.020651562,0.025637316,0.029254936,0.018869517,0.0,0.027047964,0.0,0.0,0.0,0.052923128,0.0,0.021456681,0.027992131,0.0,0.0,0.0,0.031787973,0.027427714,0.027089937,0.02553267,0.0,0.0,0.0,0.0090842955,0.030761518,0.027796594,0.011075169,0.0,0.0,0.0,0.023738973,0.026468951,0.019863816,0.023030678,0.036008958,0.0,0.0,0.02133853,0.0,0.0,0.022055784,0.033009745,0.0,0.0,0.015669437,0.025670536,0.0,0.022591637,0.0,0.0,0.0,0.0,0.05806929,0.0,0.024725987,0.02403957,0.026936688,0.01691864,0.028619677,0.0,0.0,0.016355623,0.0,0.0,0.0,0.0,0.036894552,0.0,0.0,0.0,0.0,0.0
RBC( 1012/L),0.0,0.0,0.01999006,0.020674272,0.019791503,0.030739661,0.031095508,0.021629032,0.017462814,0.0,0.032647178,0.0,0.0,0.0,0.016546343,0.0,0.021229208,0.024718791,0.0,0.0,0.0,0.0,0.025311325,0.0,0.015056406,0.0,0.0,0.032016985,0.0,0.0,0.014826947,0.025139423,0.0,0.0,0.0,0.022398133,0.015675457,0.0,0.0,0.020324916,0.0,0.0,0.0,0.03430831,0.06665495,0.020407991,0.026270492,0.0,0.013247041,0.0,0.0,0.0,0.0,0.018006431,0.029873243,0.043951392,0.033847205,0.028399961,0.013503941,0.0,0.0,0.02108586,0.026173772,0.02035723,0.02988648,0.0,0.020725856,0.0,0.017809935,0.0,0.0345242,0.0,0.0,0.0,0.0,0.03221738,0.026110027
家族史,0.0,0.0124353105,0.032817494,0.0,0.0,0.027268043,0.0,0.0150345005,0.0,0.0,0.02326568,0.023392627,0.01829516,0.04186025,0.0,0.0,0.0,0.0,0.010594339,0.0,0.0,0.029364318,0.017882807,0.0,0.015665336,0.0,0.016216971,0.0,0.021728149,0.0,0.02130411,0.014383516,0.0,0.0,0.0,0.02351315,0.012799318,0.02191926,0.020892192,0.0,0.0,0.022646066,0.0375915,0.0,0.02066734,0.0,0.0,0.032104842,0.009470316,0.026220154,0.0,0.0,0.008525107,0.0,0.016222615,0.017354835,0.02157864,0.015380696,0.019475034,0.039899275,0.0,0.013776892,0.01647248,0.025492374,0.0,0.020338316,0.02904112,0.028535442,0.02590047,0.036227997,0.0,0.0,0.014150807,0.0,0.01682752,0.025866833,0.02773857
高血压,0.045427866,0.0,0.0,0.0,0.0,0.0,0.0,0.0,0.031235695,0.028222024,0.037040614,0.0,0.0,0.03135342,0.0,0.036977302,0.030490061,0.0,0.0311971,0.030825771,0.0,0.036447313,0.024569739,0.032597154,0.02073481,0.0,0.0,0.0,0.036722485,0.0,0.061527126,0.0,0.0,0.029594349,0.04107233,0.0,0.0,0.0,0.0,0.032221995,0.0,0.0,0.024582185,0.0,0.0,0.0,0.0,0.0,0.020496266,0.041200377,0.0,0.036615416,0.0,0.0,0.027241599,0.0,0.0,0.0,0.031023787,0.035827357,0.0,0.0,0.0,0.0,0.0,0.038207527,0.037758827,0.026566751,0.0,0.0,0.0,0.03426368,0.0,0.0,0.0,0.032775346,0.0
脑血管病变,0.02543333,0.0,0.02049027,0.018507106,0.031913813,0.023945622,0.0,0.035114933,0.0,0.021208841,0.01506725,0.0,0.0235862,0.0,0.028503384,0.021682542,0.020333795,0.022620533,0.0,0.0,0.015830003,0.014366934,0.016802503,0.02195159,0.029612185,0.0,0.0,0.0,0.024580754,0.0,0.0,0.0,0.0,0.0,0.0,0.0,0.0,0.0383734,0.019837549,0.0,0.0,0.0,0.024409248,0.019972017,0.024662323,0.03632579,0.026309269,0.0,0.030812977,0.0,0.0,0.0,0.03073704,0.0,0.024509145,0.014424292,0.023559012,0.015707145,0.025678417,0.018211186,0.0,0.028159421,0.021091195,0.026548717,0.0,0.0,0.021034876,0.014150465,0.018980581,0.0,0.016227497,0.0,0.0,0.0,0.010932123,0.014573572,0.025974354
心血管病变,0.0,0.0,0.0,0.023114871,0.0,0.0,0.0,0.0,0.0,0.032824866,0.0,0.02187742,0.04620042,0.053964905,0.0,0.0,0.0,0.019853536,0.0,0.029654581,0.028080843,0.0,0.0,0.0,0.0,0.026247593,0.029242435,0.03586578,0.0,0.05177259,0.0,0.0,0.026551077,0.024756227,0.041464075,0.0,0.05782582,0.0,0.035863746,0.0,0.058182616,0.0,0.0,0.048386957,0.0,0.0,0.0,0.0,0.0,0.0,0.03049604,0.0,0.039865796,0.015180434,0.0,0.02579539,0.0,0.0,0.0,0.0,0.029431734,0.0,0.0,0.0,0.019802758,0.0,0.0,0.0,0.0,0.0794519,0.014619974,0.0,0.032008573,0.021019466,0.0,0.0,0.0
视网膜病变,0.025983743,0.028975155,0.02855161,0.0,0.02456053,0.03849564,0.024186881,0.025223203,0.0,0.0,0.0,0.0,0.0,0.0,0.024507748,0.0,0.0,0.020330422,0.0,0.020903163,0.0,0.0,0.0,0.0,0.0,0.0,0.032741122,0.046051,0.02141273,0.0,0.03173334,0.03379679,0.0,0.025689539,0.0,0.032743953,0.018815476,0.021107238,0.0,0.015044876,0.0,0.0,0.026584636,0.0,0.02261772,0.016328922,0.020275619,0.0,0.0,0.041187067,0.019898908,0.0,0.0,0.021981608,0.02376771,0.04911899,0.0,0.0,0.0,0.0,0.021321973,0.0,0.03291426,0.023750622,0.0,0.0,0.02511804,0.0,0.01994735,0.0,0.0,0.0,0.0,0.037117664,0.022917878,0.02413145,0.0
糖尿病肾病,0.0,0.021987338,0.0,0.0,0.02958238,0.0,0.0,0.032997407,0.0,0.0,0.0,0.0,0.0,0.03348008,0.0,0.029659532,0.02530126,0.0,0.031099232,0.02576998,0.030594263,0.0,0.035974793,0.030526403,0.0,0.03090833,0.0,0.028070312,0.029545482,0.0,0.0,0.018643735,0.03930303,0.023762783,0.0,0.029982358,0.020369126,0.023973238,0.0,0.0,0.0,0.017179001,0.0,0.0,0.0,0.0,0.0,0.053266373,0.0,0.0,0.028480444,0.027096633,0.0,0.02816723,0.0,0.0,0.037705965,0.0,0.034905914,0.037820723,0.024504615,0.0,0.0,0.0,0.0,0.02042803,0.0,0.0,0.0,0.0,0.0,0.039132733,0.0,0.02460245,0.02874905,0.029666325,0.0
周围神经病变,0.024879714,0.0,0.0,0.0,0.0,0.0,0.021608766,0.01866896,0.0,0.0,0.0,0.015838627,0.018502543,0.0,0.020375751,0.02772702,0.025697364,0.014869957,0.0,0.018667342,0.02922655,0.041540768,0.032502044,0.027484892,0.0,0.0,0.014660056,0.0,0.016231777,0.024053892,0.03062674,0.022631424,0.036,0.0,0.04979088,0.02688175,0.015983382,0.037321147,0.0,0.0,0.0,0.018094737,0.0,0.0,0.0,0.037600335,0.023694862,0.039446943,0.0,0.0,0.01690512,0.0,0.011662399,0.0,0.0,0.013117452,0.021286365,0.018125577,0.0,0.047650475,0.018047024,0.0,0.014508907,0.0,0.012141112,0.0,0.0,0.0,0.0,0.030345377,0.014980922,0.018115731,0.0,0.0,0.022933027,0.0,0.017018687
糖尿病足,0.024761476,0.029852241,0.0,0.0,0.02571593,0.0,0.031507514,0.0,0.0,0.0,0.0,0.0,0.0,0.033190764,0.0,0.0,0.030152738,0.0,0.031884987,0.037753154,0.035742067,0.0,0.0,0.026256876,0.0,0.04312098,0.0,0.0,0.017664222,0.0,0.0,0.032922402,0.0,0.032020032,0.0,0.026329905,0.020526718,0.0,0.0,0.018762453,0.027118484,0.0,0.0,0.0,0.023282759,0.0,0.0,0.0,0.026476264,0.0,0.03445628,0.023912957,0.0,0.0584395,0.023422748,0.0,0.0,0.0,0.0,0.040457547,0.0,0.0220152,0.0,0.0,0.05398351,0.048506275,0.0,0.0,0.0,0.0,0.0,0.0,0.026217552,0.052910604,0.03305763,0.017809885,0.0
皮肤感染,0.0,0.0,0.023683172,0.017392047,0.017001402,0.026112242,0.0,0.022776462,0.0,0.0169138,0.0,0.019669332,0.022310857,0.0,0.020010948,0.026881758,0.0,0.015970452,0.0,0.01955853,0.028924178,0.0,0.0,0.0,0.0,0.025680574,0.016227655,0.031615727,0.0,0.026143096,0.0,0.024027556,0.016377607,0.0,0.043726936,0.019121325,0.0,0.018479751,0.026808381,0.0,0.019846408,0.0,0.0,0.024703253,0.019425027,0.024955321,0.015267923,0.0,0.0,0.01834997,0.026075345,0.0,0.019914113,0.0,0.021864098,0.030509463,0.0,0.0,0.0,0.0,0.016771343,0.0,0.016028108,0.018980434,0.0,0.0,0.016975997,0.017878504,0.026886987,0.039669257,0.027016154,0.0,0.024104776,0.024067553,0.029589236,0.0,0.0
糖尿病酮症（或酸中毒）,0.020931039,0.0,0.021071669,0.0,0.01985363,0.026523205,0.017054819,0.043123778,0.028385289,0.027428934,0.030714814,0.0,0.03052781,0.0,0.015729008,0.0,0.0,0.025085934,0.0,0.0,0.0,0.037556395,0.0,0.0,0.021482375,0.0,0.015158439,0.026861731,0.0,0.016820315,0.030379869,0.0,0.0,0.0,0.0,0.0,0.0,0.032955457,0.023202807,0.022387458,0.0,0.0,0.028387215,0.0,0.0,0.020989832,0.020046573,0.0,0.0,0.043906502,0.0,0.0,0.018505495,0.0,0.021012405,0.0,0.0,0.021183897,0.0,0.060304288,0.0,0.018951675,0.033480357,0.02755466,0.0,0.034802984,0.063261166,0.0,0.01073859,0.0,0.0,0.033304937,0.0,0.0,0.0,0.0,0.016040567
定时定量,0.0,0.0,0.0,0.025926365,0.0,0.0,0.028591203,0.0,0.031014,0.0,0.027727554,0.0,0.0,0.0,0.0,0.021546962,0.023682805,0.025352769,0.019110767,0.0,0.0,0.0,0.0,0.01936526,0.015557592,0.020402748,0.0,0.030522037,0.035705414,0.0,0.0,0.0,0.0,0.07821279,0.031440035,0.033545233,0.0,0.022494782,0.0,0.020039985,0.0,0.0,0.0,0.0,0.0,0.03128679,0.0,0.02797214,0.021217208,0.031326078,0.0,0.016607989,0.0,0.0,0.031963427,0.036010403,0.03755392,0.0,0.017627124,0.024226505,0.0,0.0,0.03793533,0.0,0.030693498,0.0,0.0,0.019826911,0.0,0.0,0.031351037,0.03283878,0.025653161,0.0,0.0,0.0,0.047196023
食物选择合理,0.0,0.021152796,0.0,0.020469425,0.0,0.0,0.0,0.0,0.022418905,0.018791001,0.027992792,0.0,0.048546024,0.029672831,0.0,0.0,0.0,0.016936824,0.025951277,0.022686677,0.0,0.0,0.0,0.0,0.0,0.021883778,0.02767659,0.028768547,0.0,0.02664568,0.0,0.0,0.0187672,0.0,0.0,0.0,0.034992974,0.0,0.0,0.027730104,0.0,0.0,0.0300539,0.020891365,0.025245328,0.0,0.026578426,0.03735052,0.0,0.0,0.022828786,0.022709478,0.017631663,0.013968579,0.020774595,0.0,0.023067433,0.0,0.021805517,0.0,0.03006462,0.026197823,0.01936878,0.0,0.0,0.0,0.025454322,0.0,0.02463417,0.04033375,0.013996771,0.0,0.0,0.016354492,0.018551014,0.019843249,0.03981507
食物搭配合理,0.029668411,0.027273782,0.0,0.020071445,0.0,0.0,0.0,0.021294387,0.02102226,0.0,0.024457851,0.02053832,0.020454623,0.0,0.0,0.0,0.019392587,0.0,0.0,0.018857999,0.023105191,0.015162891,0.017025085,0.0,0.0,0.0,0.025906337,0.020621946,0.021250298,0.0,0.021549266,0.022242215,0.031712938,0.0,0.0,0.0,0.027497973,0.028141351,0.0,0.0,0.0,0.016013358,0.017653711,0.021369675,0.024878548,0.0,0.0,0.01878965,0.026225545,0.0,0.0,0.02988742,0.027171634,0.018496884,0.0,0.02759,0.023139197,0.03667651,0.019917337,0.018212037,0.0,0.028862229,0.0,0.0,0.01579559,0.0,0.0,0.0,0.021342488,0.025552532,0.0,0.0,0.019968329,0.0,0.018050987,0.034669936,0.036037005
甜食,0.0,0.0,0.031116812,0.025522282,0.0,0.024597986,0.0,0.0,0.016093664,0.0,0.033754468,0.0,0.0,0.0,0.020275487,0.037672505,0.025213532,0.0,0.021634795,0.0,0.0,0.034331318,0.0,0.022938494,0.021931252,0.0,0.0,0.0,0.027574424,0.0,0.02504606,0.0,0.0,0.0,0.0,0.0,0.0,0.022365563,0.024672432,0.042802837,0.0,0.0,0.024326842,0.0,0.0,0.036721475,0.0,0.0,0.018241236,0.023875367,0.0,0.0,0.023822548,0.0,0.02421789,0.0,0.03269098,0.019832103,0.026243027,0.032778107,0.0,0.021258315,0.021672774,0.029015766,0.0,0.02216337,0.032892235,0.022455245,0.028162906,0.0,0.029858498,0.0,0.0,0.0,0.0,0.025286349,0.030068956
外出就餐,0.0,0.0,0.0233732,0.016046107,0.04119072,0.018818455,0.0,0.022593856,0.02012558,0.0,0.02240378,0.0,0.0,0.0,0.024368446,0.0,0.025771447,0.02667044,0.0,0.020005623,0.021655519,0.0,0.022740655,0.0,0.024005545,0.0,0.0,0.02982726,0.0,0.0,0.019893646,0.030414678,0.0,0.01268827,0.0,0.016818501,0.03305591,0.017507602,0.03268657,0.021224536,0.0,0.0,0.0,0.013117185,0.01800166,0.013751861,0.024211721,0.0,0.0,0.017665563,0.0,0.03651084,0.0,0.027718296,0.023273079,0.030754538,0.016320977,0.019147148,0.021249436,0.0,0.0,0.028211357,0.0,0.023231555,0.02620573,0.026419142,0.020563712,0.0,0.02470088,0.0,0.0,0.0,0.0,0.0,0.0,0.016019374,0.019653518
其他,0.027273122,0.034225445,0.0,0.032722674,0.039962076,0.0,0.0,0.0,0.032423247,0.0,0.0,0.0,0.0,0.0,0.0,0.0,0.035440587,0.0,0.0,0.035247806,0.03588016,0.0,0.039275024,0.0,0.0,0.0,0.0,0.07262352,0.0,0.0,0.028190322,0.041341778,0.0,0.038416583,0.0,0.04856509,0.0,0.0,0.0,0.028300168,0.0,0.0,0.030314948,0.061277248,0.0,0.0,0.030009486,0.0,0.0,0.0,0.0,0.03345389,0.0,0.039063565,0.0,0.0,0.0,0.0,0.0,0.0,0.0,0.020796932,0.0,0.0,0.038999043,0.1053207,0.0,0.0,0.0,0.0,0.0,0.04423477,0.0,0.0,0.0,0.032583978,0.0
每周运动次数,0.0,0.03125628,0.018859247,0.022956051,0.0,0.023990516,0.024473105,0.0,0.0,0.0,0.036029454,0.0,0.0,0.0,0.0,0.0,0.0,0.0,0.03276154,0.0,0.0,0.022041487,0.0,0.0,0.0,0.0,0.020334365,0.022813609,0.0,0.0,0.020788508,0.03403552,0.0,0.0,0.0,0.022216735,0.0,0.0,0.0,0.026485397,0.0,0.0,0.033015195,0.0,0.02680954,0.023958845,0.031966284,0.0,0.032909054,0.018453382,0.0,0.0,0.0,0.03088661,0.032653004,0.0,0.021986466,0.022084596,0.024117135,0.04219488,0.03551154,0.03903482,0.031607587,0.030733915,0.0,0.015855385,0.024227243,0.0,0.0187559,0.0,0.05384676,0.0,0.0,0.0,0.0,0.036254875,0.025664555
每次运动时间,0.0,0.02487765,0.0,0.013991011,0.021720994,0.0,0.022339221,0.027286284,0.0,0.01580223,0.027581671,0.02524177,0.023463415,0.0,0.02358788,0.027122566,0.027127964,0.027078629,0.0,0.018387925,0.021236427,0.0,0.01901855,0.0,0.0,0.020163067,0.0,0.026749143,0.0,0.0,0.0,0.020199372,0.020345218,0.015774695,0.0,0.0,0.017559746,0.020772967,0.0,0.0,0.0101398835,0.014027066,0.0155478725,0.015935503,0.010197099,0.0,0.023225805,0.021130063,0.02948256,0.0,0.0,0.0,0.03856131,0.0,0.0,0.02862319,0.018879857,0.023059716,0.0,0.017861066,0.0,0.030697037,0.027924903,0.0,0.017524628,0.0,0.0,0.015808087,0.01812375,0.03262729,0.021570371,0.020769674,0.014397004,0.010205695,0.02108822,0.0,0.0
是否使用口服降糖药,0.02193292,0.03195456,0.0,0.01436407,0.033872776,0.0,0.03194481,0.045911,0.0,0.0,0.0,0.0,0.02307278,0.0,0.0,0.02923852,0.02713837,0.0,0.0,0.023995142,0.01870372,0.0,0.02824415,0.022094663,0.0,0.0,0.021495445,0.02503158,0.022263575,0.033919316,0.023134442,0.03242847,0.022435952,0.015655316,0.011930198,0.025154246,0.033475574,0.02777632,0.0,0.0,0.0,0.019435138,0.020695677,0.0,0.015522361,0.0,0.0,0.023031909,0.0,0.0,0.0,0.048976813,0.0,0.0,0.0,0.023778664,0.028237006,0.0,0.0,0.01428943,0.022519914,0.0,0.02792711,0.0,0.02864585,0.0,0.0,0.0,0.0,0.0,0.0,0.019310504,0.0,0.03240613,0.017395126,0.0,0.0
是否使用胰岛素,0.0,0.0,0.0,0.0,0.0,0.01792963,0.01898468,0.0,0.0,0.0,0.0,0.013005094,0.024244467,0.01916845,0.020317525,0.0141666345,0.02749971,0.0,0.036287982,0.0,0.0,0.019892285,0.040516894,0.0,0.0,0.019109305,0.016274804,0.0,0.008482673,0.013271401,0.0,0.0,0.028462417,0.0,0.016552407,0.0,0.017212354,0.0,0.0,0.0,0.028976556,0.04383055,0.0,0.0,0.013350927,0.0,0.0,0.021534108,0.029079862,0.0,0.02364303,0.019776326,0.029890824,0.0,0.013266345,0.026673524,0.01116774,0.021052284,0.0,0.032885347,0.018049356,0.0,0.021358527,0.0,0.021135662,0.0,0.0,0.023636363,0.0,0.012545298,0.04061103,0.019169204,0.02178813,0.065145575,0.053234115,0.0,0.016598882
是否使用降压药,0.0,0.022985987,0.019283602,0.01574206,0.016219823,0.02001828,0.0,0.024500905,0.0,0.0,0.021529058,0.0,0.0,0.0,0.022397298,0.017537175,0.019944597,0.02183687,0.0,0.021059446,0.020777045,0.025157468,0.018235432,0.021265956,0.025574448,0.0,0.0,0.03370232,0.018875467,0.0,0.021067794,0.019664995,0.0,0.0,0.0,0.019368788,0.02080572,0.023713607,0.020881273,0.023908356,0.0,0.016377116,0.021175582,0.0,0.021796556,0.020054907,0.021109771,0.019597467,0.019535085,0.0,0.0,0.0,0.01433461,0.0,0.0,0.027191808,0.025837522,0.023353977,0.027766926,0.0,0.0,0.02332571,0.018818107,0.020018604,0.0,0.0,0.021371301,0.0,0.024010647,0.0,0.0,0.0,0.0,0.0,0.022878649,0.024326814,0.020538209
是否使用调脂药,0.0,0.022974024,0.0,0.018780869,0.0,0.0,0.018042903,0.026723333,0.0,0.023039196,0.03596195,0.0,0.0,0.02729681,0.014960676,0.0,0.0,0.01983733,0.01726195,0.0,0.028416334,0.0,0.0,0.0,0.018102422,0.026636409,0.0,0.03656604,0.0,0.01853916,0.0,0.028179573,0.019033248,0.036232423,0.02159919,0.026217181,0.014276238,0.016960233,0.0,0.0,0.0,0.0,0.0,0.0,0.025809444,0.015430907,0.023473563,0.0,0.0,0.0,0.03187004,0.0,0.0,0.026710004,0.028229576,0.0,0.022382738,0.0,0.0,0.027022747,0.0,0.020292146,0.036794618,0.016096447,0.0,0.0,0.0,0.019799024,0.016938351,0.033251278,0.04538186,0.0,0.01951473,0.019441275,0.04314863,0.0,0.019589223
胃纳,0.0,0.0,0.0,0.019088868,0.0,0.030307345,0.0,0.0,0.022104578,0.0,0.025155764,0.0,0.0,0.030667607,0.028408756,0.0,0.019714292,0.019997198,0.018689495,0.0,0.0,0.032388333,0.030107247,0.031229623,0.0,0.019313868,0.021225542,0.0,0.0,0.028864702,0.02873216,0.0,0.016149394,0.0,0.0,0.0,0.0,0.0,0.0,0.03309986,0.02546126,0.011674314,0.030763723,0.03889422,0.0,0.0,0.023993667,0.03486104,0.0,0.0,0.0,0.024741959,0.029647587,0.012042878,0.029256623,0.0,0.0,0.024599386,0.02344257,0.0,0.023904625,0.02477333,0.0,0.0,0.023804612,0.015089689,0.025090434,0.0,0.025343738,0.027009835,0.021503178,0.028049467,0.0,0.0,0.0,0.0,0.022223523
活动情况,0.0,0.022082698,0.0,0.018059466,0.019908186,0.0,0.0,0.023469677,0.017691245,0.02218938,0.0273817,0.027085103,0.019196467,0.0,0.023495764,0.027363917,0.016870862,0.030216753,0.0,0.017828051,0.021984827,0.0,0.022532614,0.02056068,0.018568596,0.020347456,0.0,0.0,0.0,0.023946222,0.0,0.0,0.053582404,0.0,0.0,0.0,0.015137185,0.014903089,0.020033745,0.0,0.020369373,0.016291052,0.0,0.01878991,0.0,0.017700644,0.03341978,0.022534123,0.0,0.0,0.0,0.027178308,0.026032835,0.0,0.0,0.025871037,0.026198493,0.0,0.024752166,0.0,0.0,0.025245637,0.0,0.0,0.0,0.0,0.020603972,0.024920467,0.02274145,0.019964132,0.0246362,0.0,0.0,0.017208908,0.022644661,0.0,0.0
心电图,0.034972854,0.0,0.019337416,0.0,0.0,0.0,0.021764291,0.021504216,0.026134657,0.0,0.028417509,0.0,0.0,0.0,0.03072362,0.020967735,0.0,0.020618532,0.019215731,0.022907127,0.0,0.040181335,0.0,0.027501218,0.03063459,0.0,0.029601611,0.0,0.02848406,0.021767829,0.034031913,0.0,0.03593799,0.012526067,0.022949032,0.021923462,0.0,0.03158805,0.027776953,0.0,0.020377014,0.020105299,0.0,0.0,0.0,0.021511476,0.018937029,0.0,0.0,0.015159621,0.019874446,0.0,0.018973108,0.0,0.0,0.0,0.0,0.022476168,0.0,0.016293272,0.021232288,0.022461679,0.0,0.035255745,0.02023981,0.021240767,0.0,0.0,0.0,0.0,0.02231857,0.041810863,0.0,0.0,0.0,0.0,0.027319279
心脏B超,0.01773255,0.017534532,0.024930289,0.0,0.0,0.024357684,0.017320933,0.026988478,0.0,0.0,0.0,0.026322851,0.022147764,0.030851336,0.011173105,0.0,0.02898251,0.0,0.020364532,0.0,0.026155366,0.026540754,0.024842799,0.027316444,0.023309011,0.0,0.017743282,0.0,0.016732452,0.01710561,0.020208122,0.019081347,0.022581445,0.0,0.0,0.023492616,0.016677985,0.022341691,0.0,0.0,0.0,0.026431102,0.0,0.0,0.0,0.0,0.017313283,0.032328166,0.01556214,0.0,0.0,0.01978056,0.0,0.028004635,0.017524812,0.025164206,0.024682023,0.016664619,0.0,0.0,0.015735555,0.018227458,0.0208731,0.019787997,0.0,0.0,0.038179215,0.0,0.012397845,0.022512754,0.0,0.0,0.0,0.0,0.032971483,0.0,0.016806865
眼底检查情况,0.029456954,0.039151613,0.0,0.0,0.0,0.028842581,0.03272519,0.0,0.036007255,0.0,0.0,0.047775693,0.0,0.0,0.0,0.0,0.0,0.0,0.035078358,0.0,0.0,0.033819802,0.029765218,0.030432288,0.0,0.0,0.041655645,0.0,0.030688439,0.0,0.03184137,0.0,0.0,0.048246842,0.03284162,0.0,0.0,0.0,0.0,0.031153278,0.031684056,0.033098135,0.0,0.0,0.0,0.0,0.0,0.0,0.03610767,0.031205054,0.0,0.042487346,0.0,0.029656379,0.0,0.0,0.0,0.036777265,0.0,0.027904458,0.0,0.03325163,0.0,0.0,0.0342135,0.030846301,0.0,0.0,0.0,0.0,0.0,0.02930091,0.0,0.0,0.0,0.042501602,0.0
肾ECT,0.0,0.02875192,0.019737216,0.0,0.033834808,0.024971465,0.029571434,0.029728195,0.0,0.0,0.0,0.028347446,0.0,0.021428723,0.0,0.020719122,0.029207965,0.0,0.05159326,0.023224194,0.0,0.015113683,0.0,0.020918319,0.023792427,0.017131997,0.0,0.0,0.022723623,0.0,0.032407854,0.019395266,0.026207626,0.020934321,0.0,0.029063396,0.0,0.024240013,0.0,0.031170104,0.0,0.018172525,0.0,0.0,0.0,0.028347522,0.0,0.023762763,0.0,0.013290573,0.03435001,0.0,0.0,0.030403154,0.02748834,0.0,0.0,0.0,0.023229895,0.0,0.023482036,0.0,0.023550523,0.021436293,0.0,0.010980785,0.015039216,0.0,0.0,0.0,0.0,0.025902053,0.0,0.014614976,0.027914636,0.021666033,0.0
神经肌电图,0.017493438,0.0,0.022812499,0.0,0.0,0.023153897,0.016262468,0.023939226,0.0,0.0,0.0,0.027136989,0.0,0.021720018,0.016699761,0.025465526,0.021399183,0.0,0.017001675,0.0,0.0,0.021727828,0.019564841,0.026919357,0.01938234,0.0,0.025482439,0.0,0.030131163,0.018345783,0.02840857,0.021174418,0.0,0.0,0.019267771,0.025826441,0.019975126,0.02232741,0.0,0.0,0.0,0.015427581,0.0,0.0,0.027758833,0.019319002,0.0,0.020878173,0.023521023,0.027860122,0.029527875,0.0,0.0,0.019565085,0.022105826,0.03607484,0.0,0.01995004,0.019774962,0.021544645,0.031545244,0.0,0.0,0.021225361,0.0,0.0,0.0,0.020543724,0.014203175,0.0,0.0,0.022745976,0.018562088,0.0,0.024308374,0.0,0.025816629
血管病变（多普勒）,0.03219237,0.0,0.02771019,0.02451573,0.027422283,0.022989813,0.026064346,0.0,0.0,0.024160156,0.0,0.036974963,0.028582918,0.0,0.0,0.0,0.0,0.0,0.0,0.0,0.0,0.037955727,0.026174866,0.0,0.0,0.02883676,0.026282249,0.031011134,0.0,0.0,0.0,0.0,0.0,0.019733207,0.033124648,0.0,0.0,0.0,0.026721103,0.0,0.039598778,0.0,0.023583699,0.031375334,0.015098103,0.0,0.0,0.0,0.023846325,0.021304624,0.0,0.036037542,0.023157319,0.0,0.0,0.0,0.0,0.025973268,0.0,0.028167117,0.0,0.0,0.027148567,0.0,0.020025838,0.020220708,0.0,0.02689166,0.0,0.04610397,0.0,0.031271745,0.021966944,0.018481357,0.0,0.0,0.026186071
奇形,0.017277239,0.0,0.02975278,0.0,0.0,0.03703728,0.027602406,0.022424672,0.0,0.0,0.0,0.025575599,0.0,0.0,0.016877823,0.037793834,0.02575593,0.0,0.026734773,0.0,0.0,0.014932043,0.022867583,0.0,0.0,0.0,0.018707488,0.0,0.021649314,0.02008915,0.010008993,0.029306142,0.015213952,0.0,0.03437001,0.015612891,0.0,0.012579624,0.0,0.0,0.0,0.037068564,0.0,0.0,0.023177776,0.028366836,0.0,0.03404679,0.0,0.02434467,0.0,0.0,0.026753817,0.020399,0.02381573,0.022743676,0.020193405,0.02482951,0.018355196,0.029382553,0.01772595,0.0,0.015084118,0.018022375,0.0,0.0,0.026100002,0.0,0.0,0.025702761,0.0,0.021440476,0.023855302,0.0,0.020340813,0.0,0.020037722
干裂,0.025439229,0.029877117,0.03840677,0.0,0.0,0.0,0.0,0.0,0.0,0.03476025,0.0,0.0,0.029250262,0.0,0.0,0.0,0.0,0.0,0.0,0.034963872,0.0,0.044993117,0.0,0.0,0.0,0.0,0.031716697,0.043412708,0.0,0.0,0.040893197,0.048420243,0.0,0.0,0.0,0.046311095,0.025580574,0.0,0.063691996,0.025235621,0.0,0.0,0.021485265,0.0,0.031206736,0.029884078,0.0,0.0,0.0,0.10641232,0.021358917,0.0,0.029421376,0.0,0.0,0.0,0.0,0.0,0.031628374,0.0,0.029828515,0.0,0.036305424,0.027596356,0.0,0.0,0.0,0.0,0.0,0.0,0.0,0.0,0.02773052,0.0,0.0,0.032372765,0.0
灰趾甲,0.0,0.0,0.0,0.021573765,0.0,0.0,0.0,0.031026367,0.02485331,0.0,0.0,0.0,0.0,0.0,0.009976038,0.033292066,0.027558886,0.02247896,0.0,0.026392598,0.027586948,0.0,0.0,0.0,0.026311483,0.0,0.0,0.03134787,0.0,0.022511313,0.0,0.0,0.015290683,0.02046542,0.039425414,0.0,0.020643305,0.0,0.023985356,0.025839742,0.0,0.0,0.0,0.05959573,0.038131945,0.026777593,0.024701338,0.035054717,0.0,0.0,0.023420732,0.0,0.017489936,0.027789354,0.0,0.02413871,0.022029828,0.0,0.014745922,0.0,0.025212837,0.015235662,0.03052888,0.0,0.026061228,0.0,0.0,0.0,0.0,0.021462794,0.016156346,0.0,0.022729645,0.040936865,0.0,0.0,0.020357043
自觉足部症状,0.0,0.0,0.029837988,0.0,0.0,0.024873158,0.025064982,0.02226317,0.0,0.023427557,0.024158461,0.0,0.023805188,0.0,0.029717777,0.0,0.0,0.023232214,0.025312547,0.0,0.0,0.028105974,0.0,0.0,0.02777201,0.0,0.021382324,0.0,0.0,0.020360691,0.023319442,0.0,0.0,0.0,0.0,0.023092095,0.0,0.026500491,0.01471114,0.0,0.0,0.0,0.0,0.0,0.018594168,0.022333775,0.022236304,0.0,0.018278908,0.030375093,0.0,0.0,0.017949237,0.0,0.0311641,0.021122126,0.0,0.026932435,0.022570867,0.0271472,0.0,0.022202792,0.022786526,0.024930408,0.0,0.03466908,0.030457888,0.0,0.04200912,0.027038503,0.026060412,0.0,0.0,0.0,0.03568485,0.0,0.028868597
足背动脉搏动,0.027327318,0.02122276,0.029961666,0.018680144,0.017848242,0.032878105,0.03438833,0.025386116,0.0,0.01696859,0.023638142,0.02760922,0.020940961,0.0,0.0,0.0,0.021095948,0.0,0.0,0.0,0.023120333,0.022906201,0.023414433,0.0,0.026187379,0.0,0.0,0.030259999,0.0388482,0.0,0.0,0.016552718,0.0,0.0,0.0,0.0,0.01964996,0.02588159,0.019789735,0.0,0.022229906,0.0,0.0,0.010303613,0.012052866,0.0,0.0,0.0,0.025764478,0.0,0.0,0.025242057,0.0,0.016010657,0.0,0.017227463,0.023545992,0.024568899,0.0,0.014359006,0.0,0.032313738,0.0,0.02689196,0.036691625,0.0,0.0,0.04032069,0.0,0.030878209,0.0,0.0,0.014824727,0.017610293,0.020788778,0.019920725,0.0
每天足部检查 ,0.04241572,0.024069507,0.026634444,0.025580483,0.0,0.0,0.0,0.0,0.025484983,0.022404512,0.0,0.0,0.035097547,0.0,0.0,0.0,0.0,0.0,0.0,0.0,0.0,0.04103387,0.0,0.0,0.0,0.0,0.031355128,0.0,0.0,0.0,0.02977892,0.03752396,0.0,0.0,0.052909195,0.0,0.0,0.0,0.036127508,0.0308672,0.041144967,0.0,0.047754906,0.0,0.017187629,0.0,0.0,0.0,0.032815356,0.021885853,0.05068406,0.045949284,0.025224652,0.0,0.0,0.0,0.0,0.022835305,0.064334475,0.0,0.0,0.0,0.0,0.0,0.0,0.019746624,0.026236353,0.032739796,0.0,0.0,0.0,0.03594523,0.02706954,0.0,0.0,0.038926337,0.0
每天足部清洁,0.0,0.0,0.0,0.024162747,0.019846054,0.0,0.016132157,0.016851403,0.0,0.020604301,0.0,0.0205439,0.018775301,0.0,0.026908023,0.02252109,0.022076659,0.028374176,0.0,0.02666562,0.03157186,0.0,0.024256645,0.0,0.018571025,0.020317571,0.0,0.03060909,0.016759353,0.0,0.0,0.0,0.0,0.03476082,0.01749262,0.011271858,0.014409866,0.009998574,0.02031982,0.0,0.015083579,0.02671807,0.0,0.025991896,0.022635851,0.0,0.0,0.029027088,0.023033094,0.0,0.0,0.024108341,0.01929941,0.0,0.0,0.040967975,0.021366019,0.022871735,0.0,0.027476532,0.0,0.0,0.0,0.0,0.02915293,0.0,0.0,0.020371668,0.0,0.0,0.0,0.031203069,0.018943945,0.023936518,0.042917833,0.0,0.014980908
足部神经感觉阈值结果,0.0,0.0,0.024151657,0.024124216,0.019258022,0.020065265,0.0,0.030702906,0.021482874,0.030180477,0.037914503,0.030650694,0.0,0.0,0.02602708,0.028023073,0.0,0.02486717,0.0,0.0,0.02570246,0.0,0.0,0.0,0.025055466,0.0,0.0,0.03753546,0.0,0.0,0.0,0.0,0.0,0.0,0.032485556,0.0,0.018417982,0.0,0.020834286,0.0,0.023040542,0.0,0.0,0.034317825,0.029083963,0.023210136,0.0,0.0,0.014102936,0.02776309,0.0,0.029562311,0.020805271,0.0,0.0,0.029860932,0.027204756,0.0,0.05355527,0.0,0.0,0.0,0.0,0.028930485,0.025172584,0.0,0.0,0.0346329,0.0,0.0,0.03915518,0.0,0.026008518,0.0,0.0,0.034501556,0.036073387
ABI检查结果,0.0,0.025534444,0.0,0.0,0.0,0.0,0.023060251,0.0,0.0,0.022466239,0.0,0.030665863,0.030438254,0.021552704,0.0,0.024235593,0.034738414,0.023688208,0.026414694,0.021196581,0.0,0.0,0.0,0.0,0.0,0.030672742,0.0,0.018242355,0.0,0.02193405,0.0,0.0,0.027812354,0.028289674,0.021235697,0.023224888,0.0,0.029690105,0.0,0.027267845,0.021799518,0.025377737,0.0,0.0,0.02743268,0.0,0.0,0.018015094,0.0,0.0,0.031385373,0.0,0.0,0.03179861,0.033340916,0.025136637,0.0,0.0,0.0,0.033379123,0.017751295,0.0,0.032575555,0.0,0.0,0.0,0.0,0.02430006,0.0,0.031027267,0.025782181,0.031034192,0.0,0.035783023,0.04143618,0.0,0.0
抽烟,0.0,0.0,0.0,0.03277247,0.021322448,0.0,0.016328942,0.038231917,0.024351457,0.022983026,0.018075021,0.008490661,0.018679056,0.0,0.0,0.021068541,0.020468887,0.02455595,0.0,0.028024506,0.018743426,0.0,0.027511986,0.020757187,0.0,0.02434491,0.0,0.021357564,0.015797384,0.017494489,0.0,0.018478276,0.028698968,0.016621478,0.023932131,0.02641384,0.0,0.014267972,0.0,0.0,0.037976105,0.03708394,0.025917951,0.034298174,0.02009558,0.0,0.0,0.02529444,0.0,0.0,0.0,0.012968788,0.0,0.0,0.0,0.02117259,0.0,0.0,0.0,0.031949606,0.014942611,0.0,0.019928582,0.0,0.022222606,0.0,0.0,0.018643154,0.0,0.0,0.027944615,0.01878387,0.028125577,0.0,0.038409207,0.0,0.0
喝酒,0.0,0.0,0.018746894,0.037499964,0.012743624,0.02374158,0.0,0.027441882,0.02540995,0.020781666,0.02436864,0.0,0.0,0.0,0.016526613,0.018373942,0.039697535,0.019353695,0.0,0.0,0.0,0.0,0.0,0.0185061,0.031043919,0.0,0.0,0.0,0.0,0.0,0.0,0.0,0.0,0.0,0.0,0.024237467,0.011816023,0.01464187,0.023527483,0.0,0.0,0.0,0.03129291,0.030691253,0.017635044,0.018904403,0.0,0.0,0.013839716,0.022507558,0.024279535,0.0,0.017860252,0.0,0.027332604,0.042549286,0.02396176,0.0,0.028588835,0.040001832,0.0,0.0324905,0.028117102,0.017535828,0.0,0.028248735,0.019523025,0.03695447,0.021138003,0.0,0.048459392,0.0,0.0,0.0,0.0,0.011208225,0.017788462
程度分级,0.0,0.03149497,0.0,0.0,0.0,0.0,0.0,0.014818647,0.0,0.03336736,0.0,0.04056382,0.014058157,0.038742296,0.0,0.028280238,0.018144196,0.030537628,0.022384554,0.022951858,0.0,0.0,0.0,0.0,0.0,0.02452941,0.017594108,0.027391039,0.0,0.036716815,0.0,0.02476431,0.036495145,0.03881234,0.0,0.028390016,0.0,0.0,0.0,0.028581856,0.04780195,0.015134917,0.0,0.0,0.0,0.0,0.0,0.030123482,0.0,0.0,0.037666928,0.0,0.0,0.018293343,0.033984665,0.024778677,0.034687396,0.0,0.0,0.0,0.03288741,0.0,0.0,0.0,0.022668153,0.0,0.0,0.0,0.0,0.039255943,0.025520878,0.03485277,0.020917822,0.01405405,0.012380976,0.0,0.0
血糖记录(是/否),0.0,0.019438602,0.03587093,0.023232268,0.0,0.023217717,0.0,0.0,0.0,0.03872416,0.0,0.0,0.0,0.02297906,0.0,0.0,0.0,0.0,0.046260636,0.030524125,0.0,0.0,0.0,0.0,0.0,0.01875174,0.041560426,0.02183209,0.0,0.0,0.0,0.021908363,0.05352113,0.0,0.0,0.03407631,0.0,0.0,0.016832704,0.03262279,0.020859007,0.0,0.0,0.0,0.042039122,0.047442317,0.035331137,0.0,0.021274926,0.019651787,0.029040622,0.0,0.0,0.019593319,0.029249337,0.0,0.02154097,0.0,0.0,0.0,0.0,0.041698657,0.0,0.027351467,0.024499806,0.0,0.021862855,0.0,0.027807573,0.027422093,0.0,0.0,0.018363263,0.013972455,0.0,0.030988034,0.0
